"","X.SampleID","BarcodeSequence","LinkerPrimerSequence","SampleType","ID","Visit"
"29-B1","29-B1",NA,"GTGCCAGCMGCCGCGGTAA","disease","Subject1","B1"
"30-B1","30-B1",NA,"GTGCCAGCMGCCGCGGTAA","disease","Subject2","B1"
"31-B2","31-B2",NA,"GTGCCAGCMGCCGCGGTAA","disease","Subject2","B2"
"32-B3","32-B3",NA,"GTGCCAGCMGCCGCGGTAA","disease","Subject2","B3"
"33-B1","33-B1",NA,"GTGCCAGCMGCCGCGGTAA","disease","Subject3","B1"
"34-B1","34-B1",NA,"GTGCCAGCMGCCGCGGTAA","disease","Subject4","B1"
"35-B2","35-B2",NA,"GTGCCAGCMGCCGCGGTAA","disease","Subject4","B2"
"36-B3","36-B3",NA,"GTGCCAGCMGCCGCGGTAA","disease","Subject4","B3"
"37-B1","37-B1",NA,"GTGCCAGCMGCCGCGGTAA","disease","Subject5","B1"
"38-B2","38-B2",NA,"GTGCCAGCMGCCGCGGTAA","disease","Subject5","B2"
"39-B3","39-B3",NA,"GTGCCAGCMGCCGCGGTAA","disease","Subject5","B3"
"40-B1","40-B1",NA,"GTGCCAGCMGCCGCGGTAA","disease","Subject6","B1"
"41-B2","41-B2",NA,"GTGCCAGCMGCCGCGGTAA","disease","Subject6","B2"
"42-B3","42-B3",NA,"GTGCCAGCMGCCGCGGTAA","disease","Subject6","B3"
"44-B2","44-B2",NA,"GTGCCAGCMGCCGCGGTAA","disease","Subject7","B2"
"45-B3","45-B3",NA,"GTGCCAGCMGCCGCGGTAA","disease","Subject7","B3"
"48-B3","48-B3",NA,"GTGCCAGCMGCCGCGGTAA","disease","Subject8","B3"
"49-B1","49-B1",NA,"GTGCCAGCMGCCGCGGTAA","disease","Subject9","B1"
"50-B2","50-B2",NA,"GTGCCAGCMGCCGCGGTAA","disease","Subject9","B2"
"52-B1","52-B1",NA,"GTGCCAGCMGCCGCGGTAA","disease","Subject10","B1"
"53-B2","53-B2",NA,"GTGCCAGCMGCCGCGGTAA","disease","Subject10","B2"
"54-B3","54-B3",NA,"GTGCCAGCMGCCGCGGTAA","disease","Subject10","B3"
